Relevance,Explanation
RELEVANT,"The generated answer directly addresses the question by listing programming languages that can be used to develop Ethereum smart contracts, specifically mentioning Solidity, Serpent, LLL, and Mutan. It also provides additional context by mentioning other languages used in the development of the Ethereum protocol, which enriches the answer without deviating from the main focus."
RELEVANT,"The generated answer directly addresses the question by outlining various ways developers can contribute to Ethereum, including participating in the codebase, developing smart contracts and decentralized applications, and utilizing initiatives like MolochDAO and Gitcoin for funding and support. This comprehensive response aligns well with the inquiry about developer contributions."
PARTLY_RELEVANT,"The generated answer provides some context about the first phase of Serenity (Ethereum 2.0) and mentions the Beacon Chain, but it does not answer the question regarding the specific expected rollout date. While it identifies a year (2019), this information alone may not sufficiently address the more precise timing expectations of the rollout."
RELEVANT,"The generated answer directly addresses the question regarding methods used to add new blocks to a blockchain by outlining specific consensus mechanisms (Proof of Work, Proof of Stake, and Proof of Authority). Each method is clearly explained, making the response well-aligned with the question."
RELEVANT,"The generated answer accurately describes what a 'block' is in the context of blockchain technology, explaining its role in the chain of transactions, how it is added to the blockchain, and its importance in maintaining the ledger's integrity. This directly addresses the question asked."
PARTLY_RELEVANT,"The generated answer mentions a report released by Forbes on companies exploring blockchain; however, it does not specifically address the scope of 'top blockchain companies' as explicitly asked in the question. While it provides some related information, the lack of direct reference to blockchain companies reduces its overall relevance."
RELEVANT,"The generated answer accurately describes MolochDAO's role in Ethereum as a crowdsourced funding initiative that supports infrastructure projects and aims to sustain open-source development, addressing the question appropriately."
RELEVANT,"The generated answer directly addresses the question by explaining how a block of transactions is linked to the previous one in a blockchain, specifically mentioning the process of verification and the creation of a continuous chain. This information is highly pertinent to understanding the connection between blocks in a blockchain context."
RELEVANT,"The generated answer directly addresses the type of blockchain that the Beacon Chain will be, specifying that it will be a Proof of Stake blockchain. Additionally, it provides relevant context about its rollout and relation to Ethereum 2.0, enhancing the understanding of the Beacon Chain's role."
PARTLY_RELEVANT,"The generated answer provides some information about the time frame ('weeks') needed to become a blockchain expert through Consensys Academy. However, it lacks specific details about the total duration required to become an expert, making it only partially relevant to the question."
RELEVANT,"The generated answer directly addresses how the Bitcoin blockchain contributed to blockchain technology by explaining its role as the first blockchain, its foundational innovations, and the principles it established that are crucial for the functioning of blockchain technology today."
RELEVANT,"The generated answer directly addresses the question about making consistent profits from solo mining Ethereum. It explains the challenges of solo mining and compares it to mining pools, thus providing relevant information that supports the conclusion that consistent profits from solo mining are unlikely."
RELEVANT,The generated answer directly addresses the question about the effectiveness of using a Mac for mining Ethereum. It acknowledges that it is possible to mine on a Mac while also providing important context regarding the relative inefficiency compared to dedicated hardware. This aligns well with the user's inquiry about effective mining on a Mac.
RELEVANT,"The generated answer directly addresses the question by outlining how DeFi has transformed the financial system. It highlights key aspects such as the shift from centralized to decentralized structures, the enabling role of blockchain technology, and the benefits of decentralized finance, all of which are relevant to understanding the impact of DeFi on the financial system."
RELEVANT,"The generated answer directly addresses the question by explaining the incentivization mechanisms in blockchain, specifically the mining process and the rewards involved. It also mentions the design of tokens and incentives, which adds to the understanding of how incentivization works within blockchain technology."
RELEVANT,"The generated answer directly addresses the question by affirming that it is difficult to mine Ethereum currently. It provides supporting information about the challenges of solo mining, the benefits of joining mining pools, and the recommendation for using dedicated hardware, all of which enhance the understanding of the difficulties involved in mining Ethereum."
RELEVANT,"The generated answer addresses the feasibility of mining Ethereum on a personal computer, explaining that while it is technically possible, it is impractical without dedicated hardware. It provides context about the challenges of solo mining and the advantages of using mining pools, which directly relates to the question asked."
RELEVANT,"The generated answer directly addresses the impact of blockchain on intermediaries by explaining how it reduces their necessity, enhances transparency, and allows for direct engagement between participants. It effectively captures the essence of the question regarding the role of intermediaries in the context of blockchain technology."
RELEVANT,"The generated answer directly addresses the question by highlighting the unique features of both Bitcoin and Ethereum. It discusses Bitcoin's function as a decentralized payment system and Ethereum's capabilities with smart contracts and decentralized applications, providing clear distinctions between the two cryptocurrencies."
PARTLY_RELEVANT,"The generated answer mentions that Ethereum uses the Proof of Work consensus algorithm, which was accurate prior to Ethereum's transition to Proof of Stake with the Eth2 upgrade. Since the consensus algorithm has changed, the answer is somewhat relevant but not accurate in the current context."
PARTLY_RELEVANT,"The generated answer touches on the time it may take to find a block when solo mining Ethereum, which is relevant to the question. However, it lacks specific details about factors influencing this duration, such as network difficulty and hashing power, which could lead to more accurate contextual understanding."
RELEVANT,"The generated answer directly addresses how blockchain safeguards personal information by explaining its decentralized architecture, the role of cryptographic techniques, and the importance of an immutable record. These points are all pertinent to the question, providing a clear understanding of the mechanisms involved in protecting personal data within a blockchain system."
RELEVANT,"The generated answer directly addresses the question by naming specific experts (Andreas Antonopoulos and Gavin Wood) who discuss the variety of blockchains. It also provides a relevant quotation from their work, explaining the different properties of blockchains, which adds to the relevance of the answer."
RELEVANT,"The generated answer directly addresses the question by explaining why different transactions in Ethereum require varying gas limits. It mentions that the requirements of each transaction can differ based on their operational needs and computational resources, which aligns with the question's inquiry about the reasons for varying gas limits."
RELEVANT,"The generated answer accurately addresses the question by stating that Ethereum's hashrate is measured in hashes per second, which directly corresponds to the requested information."
RELEVANT,"The generated answer directly addresses the question by explaining how blockchain functions as a disruptive technology that enhances transparency and security, impacts economic participation, and promotes inclusivity in the global economy. It effectively outlines the key ways blockchain influences economic structures, making it a relevant response."
RELEVANT,"The generated answer accurately identifies the algorithm used by Ethereum to verify blocks of transactions as Proof of Work (PoW), which directly addresses the question."
PARTLY_RELEVANT,"The generated answer provides a specific source (ethstats.io) where the average difficulty of the Ethereum network can be checked, which is relevant to the question. However, it includes outdated information regarding the average difficulty from July 2019, making it less fully relevant to the current status of the Ethereum network. A more current reference or acknowledgment of the potential changes in average difficulty since then would have improved its relevance."
RELEVANT,"The generated answer directly addresses the question by listing the languages used to write Ethereum smart contracts, specifically naming Solidity, Serpent, LLL, and Mutan. Additionally, it provides context about these languages being designed for the Ethereum Virtual Machine, enhancing the relevance of the information."
RELEVANT,"The generated answer directly addresses the question by defining what DeFi stands for (decentralized finance) and explaining what it refers to, including its significance, characteristics, and components. This comprehensive response covers the key aspects of DeFi thoroughly."
RELEVANT,"The generated answer directly addresses the question by providing the standard duration for mining an Ethereum block, which is approximately 14 seconds. It is accurate and pertinent to the inquiry."
RELEVANT,"The generated answer clearly explains how blockchain facilitates data sharing by highlighting its distributed, secure, and immutable characteristics. It discusses the roles of network participants and the integrity of shared data, directly addressing the question's focus on the facilitation of data sharing through blockchain technology."
RELEVANT,"The generated answer provides a comprehensive description of the role of nodes in a blockchain network, covering their functions in validating and relaying transactions, reaching consensus, and contributing to the security and integrity of the blockchain. It directly addresses the question and includes specific examples, making it entirely relevant."
RELEVANT,"The generated answer directly addresses the question by explaining how Bitcoin and Ethereum differ in their core principles. It highlights the differences in functionality, purpose, and the use of smart contracts in Ethereum, which are key aspects of their distinction. The mention of programming languages also adds to the relevance by providing further context on their capabilities."
RELEVANT,"The generated answer accurately explains the importance of gas limits in Ethereum transactions, highlighting how they represent the maximum payment users are willing to incur and the consequences of setting them too low. It also discusses the protective role of gas limits for users and miners, which directly addresses the question about their crucial role."
RELEVANT,"The generated answer accurately addresses the question by explaining the implications of higher Ethereum difficulty, specifically how it affects miners and the mining process. It provides relevant details about the challenges faced by miners and the potential shift to mining pools, which are directly related to the increase in difficulty."
RELEVANT,"The generated answer directly addresses the question about why blockchain is considered secure by discussing its distributed nature, decentralized architecture, consensus mechanisms, and the role of cryptographic algorithms. It provides clear and relevant details that thoroughly explain the security aspects of blockchain technology."
RELEVANT,"The generated answer directly addresses the question by confirming that the time to add a block can vary across different blockchains. It explains the concept of block time and provides an example with Ethereum, illustrating the variations among different protocols. This directly correlates with the inquiry about differences in block addition times."
RELEVANT,"The generated answer directly addresses the purpose of a private key in a blockchain wallet, explaining its role in securely accessing and managing digital assets, which is exactly what the question inquires about."
RELEVANT,"The generated answer directly addresses the significance of participation in a mining pool for Ethereum miners by explaining the advantages such as increased profitability compared to solo mining and the pooling of hashing power for consistent profits. It also highlights the effectiveness of mining pools in mining a large portion of blocks, which further supports its relevance to the question."
RELEVANT,"The generated answer directly addresses the question by listing specific sectors that benefit from Ethereum's smart contracts, such as banking and finance, supply chain management, and others. It also explains how smart contracts automate processes relevant to these sectors, enhancing the relevance of the information provided."
RELEVANT,"The generated answer provides a clear and accurate definition of an Ethereum address, explaining its purpose as a public identifier for sending and receiving funds within the Ethereum network. The mention of the 'etherbase' adds relevant context about its use in mining, although it is not essential to the definition of an Ethereum address itself."
RELEVANT,"The generated answer accurately describes the function of an Ethereum client, including its role in implementing specifications, interacting with the blockchain, and supporting smart contracts. It also mentions various popular Ethereum clients, which is pertinent to understanding their functionality."
RELEVANT,"The generated answer directly addresses the question by outlining the specific issues that Proof of Stake (PoS) aims to resolve within the Ethereum framework. It discusses relevant topics such as mining inefficiencies, energy consumption, accessibility of mining hardware, centralized mining pools, and security concerns, all of which are pertinent to understanding the benefits of PoS over PoW."
RELEVANT,"The generated answer effectively explains what mining pools are and their significance in Ethereum mining. It discusses the concept of pooling hashing power, the challenges of solo mining, the benefits of consistent profits, and provides context on the popularity of mining pools among miners. This aligns well with the question asked."
RELEVANT,"The generated answer directly addresses the question by describing Ethereum as a decentralized computing platform that allows for the creation of smart contracts and dapps. It also provides context about its launch and its relation to Bitcoin, which enhances the understanding of what kind of project Ethereum is."
RELEVANT,"The generated answer directly addresses the question by stating that users do not need to interact to verify transactions with zk-SNARKs. It also provides additional context about the verification process and the privacy features of zk-SNARKs, making the answer informative and aligned with the query."
RELEVANT,"The generated answer directly addresses the question by explaining how distributed ledger technology (DLT) maintains a digital record through its decentralized architecture and the role of multiple participants in the network, which enhances security, accountability, and trust in the record-keeping process."
RELEVANT,"The generated answer directly addresses the question about the consequences of setting an Ethereum gas limit too low, explaining that transactions may fail if the gas limit is insufficient and providing details on how gas fees are handled in such cases."
PARTLY_RELEVANT,"The generated answer states that the value of gas is expressed in ether, which is contextually relevant to blockchain and cryptocurrency discussions where 'gas' refers to transaction fees. However, it does not provide a complete picture, as gas can also be expressed in terms of its monetary equivalent (e.g., in USD) or other units, depending on the context. Therefore, while it touches on a relevant point, it lacks comprehensive information."
NON_RELEVANT,"The generated answer states that it cannot provide an answer due to lack of context, which does not address the question about how State of the Dapps ranks applications. Therefore, it is not relevant to the inquiry."
RELEVANT,"The generated answer directly addresses the question by explaining the purpose of an etherbase for miners, specifically highlighting its role as an address for collecting mining earnings and rewards on the Ethereum blockchain."
RELEVANT,"The generated answer effectively addresses the question by listing various key aspects of a blockchain system, including technical elements like consensus algorithms and cryptographic functions, as well as characteristics like decentralization and censorship-resistance. It provides a comprehensive overview that aligns well with the question's request for different aspects of blockchain."
RELEVANT,"The generated answer directly addresses the question by providing a specific time frame (approximately 13 seconds) for mining a single Ethereum block, which is exactly what was asked."
PARTLY_RELEVANT,"The generated answer mentions some features associated with blockchain wallets, such as node hosting and storing cryptocurrencies on a computer. However, it could further elaborate on other common features like transaction management, security measures, or integration with decentralized applications. The mention of 'cold storage' is relevant but seems to stray slightly from the focus on features that accompany a blockchain wallet."
RELEVANT,"The generated answer accurately defines a hash function in the context of blockchain, explaining its role as a cryptographic tool that ensures integrity and security of transactions. It discusses the properties of hash functions and their importance in linking blocks, directly addressing the question."
RELEVANT,"The generated answer directly addresses the question by explaining the importance of GPU power in Ethereum mining, highlighting its role in determining mining capability and participation in mining pools."
RELEVANT,"The generated answer directly addresses the question by clearly stating that the purpose of DeFi Score is to provide a consistent value for measuring risk in DeFi platforms, which is exactly what was asked."
RELEVANT,"The generated answer directly addresses the question by identifying key factors that influence Ethereum confirmation times, specifically the amount of gas spent and the frequency of block additions. This information is pertinent and accurately describes elements affecting confirmation times."
RELEVANT,"The generated answer directly addresses the question by providing the specific block time for Ethereum mining, which is approximately 14 seconds. It gives clear and accurate information related to the topic."
RELEVANT,"The generated answer directly addresses the question by explaining how to transfer cryptocurrency to an address, including the need to provide the correct address to the sender and mentioning the roles of public and private keys, as well as the blockchain wallet. This information is essential and relevant to understanding the transfer process."
RELEVANT,"The generated answer directly addresses the question about the need for dedicated hardware to mine Ethereum. It explains that while mining is possible with a regular computer, dedicated hardware is often preferred for better efficiency and profitability, which is directly relevant to the inquiry."
RELEVANT,"The generated answer directly confirms that Python is used in developing the Ethereum protocol, addressing the question appropriately. It also provides additional context by mentioning other programming languages used in the development, which enhances the understanding of the ecosystem but does not detract from the relevance to the question asked."
RELEVANT,"The generated answer accurately describes the difficulty of finding a new block in Ethereum by explaining it as a function of miners' hashing and the impact of overall difficulty levels. It also provides a specific metric from July 2019, highlighting the challenge in the mining process, which directly answers the question."
RELEVANT,"The generated answer directly addresses the question by mentioning a specific resource, 'The Roadmap to Serenity,' where one can read about the upcoming stages of Ethereumâ€™s evolution. This is pertinent information for someone looking to learn more about the topic."
RELEVANT,"The generated answer directly addresses the question by outlining specific functions that blockchain technology adds to a distributed ledger, including cryptographic functions, consensus algorithms, incentive design, and features promoting accountability and trust. Each of these elements is relevant to understanding the enhancements that blockchain provides to distributed ledgers."
RELEVANT,"The generated answer directly addresses the question by detailing the additional support provided by PegaSys Plus over Hyperledger Besu, specifically mentioning features like encryption at rest, advanced monitoring, and event streaming. This aligns well with the query about additional support."
RELEVANT,"The generated answer directly addresses the question by specifying the key improvements made by the Byzantium update, mentioning enhancements in privacy, scalability, and security along with the integration of nine Ethereum Improvement Protocols (EIPs), which is pertinent information."
RELEVANT,"The generated answer directly addresses the question by explaining the purpose of cryptocurrency addresses, including their role as public identifiers for sending and receiving funds, and the necessity of unique addresses for different cryptocurrencies. This clearly aligns with the inquiry about the use of cryptocurrency addresses."
RELEVANT,"The generated answer accurately identifies the programming languages used to develop Bitcoin and Ethereum. It specifies Bitcoin's primary language and lists multiple languages used for Ethereum, making the response comprehensive and directly addressing the question."
RELEVANT,"The generated answer directly addresses the question by explaining how the uniqueness of a block at a given chain height is ensured through consensus mechanisms in blockchain technology. It provides a clear explanation of the processes involved in maintaining a single agreed-upon history of transactions, which is essential to the concept of blockchain integrity."
PARTLY_RELEVANT,"The generated answer primarily focuses on miners within the context of the Ethereum blockchain and their role in validating transactions using specific algorithms. While it provides a detailed description of miners in blockchain technology, it does not address the broader definition of miners in general, such as those involved in traditional mining (e.g., coal, metals). Therefore, it is only partly relevant to the question, which asks for a general understanding of who miners are and what they do."
RELEVANT,"The generated answer provides a clear definition of blockchain software, explaining its purpose and giving examples such as Bitcoin and Ethereum. It also touches on the different types of blockchain software, including open source and proprietary options, which further enhances the relevance to the question."
RELEVANT,"The generated answer directly addresses the question by providing the name of the final iteration in Ethereum's evolution (Serenity, also known as Ethereum 2.0), which is exactly what was asked."
RELEVANT,"The generated answer directly addresses the question about the necessity of dedicated hardware setups for mining on a Mac. It explains that while mining is possible on a Mac, dedicated hardware is often recommended for better efficiency and profitability, aligning well with the inquiry about the need for specific hardware."
RELEVANT,"The generated answer accurately describes a blockchain as a linear construct, explaining that each new block is added in sequence and cannot be altered, which is integral to blockchain's functionality and validation process."
RELEVANT,"The generated answer accurately defines the term 'hashrate' in the context of Ethereum mining, explaining its implication regarding the speed of mining operations and the specific measurement of hashes per second. The additional information about the average hashrate as of July 2019 provides context but is not strictly necessary to understand the definition."
NON_RELEVANT,"The generated answer states that the context does not provide specific information about a report ranking blockchain-based decentralized applications. This does not address the question, which specifically asks for a report, and merely highlights a lack of information instead of providing any relevant answer."
RELEVANT,"The generated answer directly addresses the question by providing practical advice on how to optimize the transfer speed of Ether. It mentions increasing the gas price as a key factor in speeding up transactions, which is relevant information for the user seeking to optimize transfer speed. Additionally, it suggests using ethgasstation.info to make informed decisions, further enhancing the relevance of the response."
RELEVANT,"The generated answer directly addresses the importance of blockchain technology for security and trust by explaining how it creates a secure and immutable record of transactions, enhances security, reduces counterparty risk, and fosters transparency. These points align well with the question, making the answer highly relevant."
RELEVANT,"The generated answer directly addresses the question by outlining specific features of Hyperledger Besu, including its permissioning features and capabilities for both public and private chains. It also mentions additional offerings from PegaSys Plus, which enhances the explanation of Besu's features."
RELEVANT,"The generated answer correctly identifies the Ethereum Virtual Machine (EVM) as the environment in which Solidity, Serpent, and other languages operate, directly addressing the question asked."
RELEVANT,"The generated answer directly addresses the question by confirming that smart contracts on Ethereum can support different industries and provides specific examples of their applications in various sectors such as banking, finance, and supply chain management. This comprehensive response effectively illustrates the versatility of smart contracts, aligning well with the question's intent."
RELEVANT,"The generated answer directly addresses the question by explaining why miners use a mining pool for Ethereum. It discusses the difficulty of solo mining, the pooling of hashing power, and the resulting consistent profits, which are all key reasons for the preference towards mining pools."
RELEVANT,"The generated answer directly addresses the question by listing the high-level languages that target the Ethereum Virtual Machine, which is what the question is asking for. It also provides additional context about the purpose of these languages, reinforcing the relevance of the information provided."
RELEVANT,"The generated answer directly addresses the question by outlining key aspects and features of blockchain technology, such as consensus algorithms, state machines, and cryptographic functions. Additionally, it references the insights of notable experts, providing a broader context for understanding blockchain characteristics, which aligns well with the question's intent."
RELEVANT,"The generated answer directly addresses the question by outlining specific reasons why developers are attracted to Ethereum, such as flexibility, modularity, scalability, and the ability to support smart contracts. It also provides examples of use cases, which reinforces the relevance of the answer to the question asked."
RELEVANT,"The generated answer accurately describes what gas is within the context of Ethereum, detailing its role as a measurement of computational work, its function in compensating miners, and the relationship between gas and ether (ETH). This directly addresses the question asked."
RELEVANT,"The generated answer effectively addresses the question about the effectiveness of mining Ethereum on Mac computers by providing insights on practicality, efficiency, and the current state of mining. It clearly states that while possible, mining on a Mac is not advisable due to lower efficiency compared to dedicated hardware, which directly answers the question concerning effectiveness."
RELEVANT,"The generated answer directly addresses the question by explaining how financial incentives are riskier for malicious actors in Proof of Stake (PoS). It details the risk associated with staking assets and how this serves as a deterrent against malicious actions, aligning well with the question's focus on financial incentives and risks."
RELEVANT,"The generated answer accurately describes the role of Gitcoin in supporting Ethereum through initiatives such as a bounties explorer and a Grants Program, highlighting its focus on open source development and financial support for projects within the Ethereum ecosystem."
RELEVANT,The generated answer accurately describes how Ethereum currently verifies transactions using the Proof of Work algorithm and also provides relevant context about the upcoming transition to Proof of Stake. This directly addresses the question regarding the current verification process.
RELEVANT,"The generated answer directly addresses the question by explaining that dedicated hardware is recommended for mining Ethereum due to its necessary processing power and improved performance in mining pools, making it relevant to the inquiry."
RELEVANT,The generated answer directly addresses the question by confirming the existence of dedicated hardware devices for Ethereum mining and providing additional context about their efficiency compared to personal computers. This makes the answer highly relevant to the user's inquiry.
RELEVANT,"The generated answer directly addresses the question by listing specific qualifiers that describe blockchains. It provides relevant characteristics that help in understanding blockchain properties, making it fully aligned with the inquiry."
RELEVANT,"The generated answer accurately defines what a 'block' is in the context of Ethereum, mentioning its relation to transactions and the consensus algorithm used, which are pertinent details for understanding the concept."
RELEVANT,"The generated answer directly addresses the question by discussing key factors related to a computer's capability to mine Ethereum, such as GPU power and the practicality of using different types of hardware. It also mentions the option of joining mining pools, which is relevant information for someone considering mining Ethereum."
RELEVANT,"The generated answer directly addresses the question by providing a specific figure for the average Ethereum network difficulty as of July 2019, which is exactly what was asked."
RELEVANT,"The generated answer provides a clear and accurate definition of block time in cryptocurrency, explaining its significance in the context of blockchain operation and providing an example with Ethereum's average block time. This directly addresses the question asked."
RELEVANT,"The generated answer directly addresses the question by identifying a specific resource that serves as a guide for storing Ethereum assets. It also briefly mentions important topics covered in the guide, such as cryptocurrency wallets and security best practices, which are relevant to the question about asset storage."
RELEVANT,"The generated answer directly addresses the question by stating that anyone can participate in DeFi applications and explains the reason for this accessibility, which is the permissionless architecture of DeFi. This clearly aligns with the question's inquiry about participation and the underlying mechanisms that enable it."
PARTLY_RELEVANT,"The generated answer provides information about the concept of hashrate in relation to Ethereum mining and includes a specific figure for the average network hashrate as of July 2019. However, it does not directly answer the question regarding the hashrate capability of a specific Ethereum miner, which can vary widely depending on the hardware used."
PARTLY_RELEVANT,"The generated answer provides some information about the need for specific mining software and mentions the impracticality of mining on a laptop, which addresses the question tangentially. However, it does not specify what kind of software is required, which is the main focus of the question."
PARTLY_RELEVANT,"The generated answer provides some relevant information about the requirements for validators in a Proof of Stake system, specifically mentioning the financial incentive and the need to stake ETH. However, it inaccurately states that 'two-thirds must stake ETH' which does not correctly address what is required for validators in PoS, leading to a lack of clarity and completeness."
RELEVANT,"The generated answer directly addresses the question by confirming that the amount of gas paid affects the transfer time of Ether. It explains the relationship between gas fees and transaction confirmation times, providing additional context about how higher gas fees typically result in faster transactions. The mention of a resource for checking median wait times further supports the answer's relevance."
RELEVANT,The generated answer directly addresses the question by stating that the Beacon Chain will operate alongside Ethereum's original Proof of Work chain. This response provides the necessary context and information regarding the relationship between the Beacon Chain and the existing Ethereum chain.
RELEVANT,"The generated answer directly addresses the question by providing a specific percentage (84%) that indicates the fraction of newly found blocks mined by the top five mining pools. Therefore, it is highly relevant to the request for information about the percentage in question."
RELEVANT,"The generated answer clearly explains how gas limits function in Ethereum, detailing the protection they offer to both users and miners. It addresses the potential consequences of low gas limits and highlights the compensation mechanism for miners, thus directly responding to the question about the protective role of gas limits."
RELEVANT,"The generated answer addresses the question directly by confirming that it is possible to mine Ethereum with a Mac. It also provides additional context about the preference for dedicated hardware, which is relevant information for understanding the overall mining landscape."
RELEVANT,"The generated answer accurately describes the role of nodes in the Ethereum network by explaining their function in verifying transactions, maintaining a transaction history, and providing information about smart contracts and account balances. This directly addresses the question asked."
RELEVANT,"The generated answer directly addresses the question by explaining how a decentralized architecture enhances security, trust, and eliminates single points of failure in blockchain applications. It also emphasizes the importance of distributed nodes and consensus, which are key aspects of decentralization in blockchain technology, making it highly relevant to the question asked."
RELEVANT,The generated answer directly addresses the question by confirming that Ethereum clients can interact with each other and explains how they communicate through a peer-to-peer network using open standards and protocols. This provides a clear and relevant response to the inquiry.
RELEVANT,"The generated answer directly addresses the question by explaining why solo Ethereum mining is impractical, highlighting the difficulties in finding blocks and the preference for mining pools due to consistent profits. It provides a clear rationale related to the original question."
RELEVANT,"The generated answer thoroughly explains what smart contracts are in the context of a blockchain, detailing their nature as digital agreements embedded in code, their automation capabilities, and their application across various industries. It specifically mentions Ethereum as an important platform for smart contracts, which aligns directly with the question."
RELEVANT,"The generated answer directly provides the full form of zk-SNARK, which is exactly what the question asks for."
RELEVANT,"The generated answer accurately explains what a smart contract is in the context of Ethereum, detailing its purpose as a coded program and highlighting its pioneering role in the blockchain ecosystem. It further provides examples of its applications across various industries, which enriches the understanding of smart contracts within Ethereum."
RELEVANT,"The generated answer directly addresses the question by stating that Ethereum miners use a Proof of Work (PoW) algorithm, which is the correct and specific answer sought by the question."
PARTLY_RELEVANT,"The generated answer correctly identifies Bitcoin as a significant early blockchain software. However, it does not address the broader context of what 'first blockchain software' could imply, such as reference to the underlying technology or initial concepts like 'blockchain' itself, which predate Bitcoin. Therefore, while it is relevant, it may not fully satisfy the question's intent."
RELEVANT,The generated answer directly addresses the question by providing a specific website (ethstats.io) where updates on the current average hashrate for Ethereum can be found. This information is both pertinent and useful for the inquiry presented.
RELEVANT,"The generated answer provides a comprehensive and accurate description of what a blockchain is, including its structure, functionality, and historical context. It addresses the question directly and contains pertinent details that enhance understanding of the concept."
RELEVANT,"The generated answer directly addresses the question about how quickly an Ethereum block can be mined by specifying that it takes approximately 14 seconds. The added reference to a source and the date adds credibility, although the date may be slightly outdated; however, it still provides a relevant and accurate response."
RELEVANT,"The generated answer directly addresses how smart contracts operate within the Ethereum ecosystem by explaining their function as coded programs, the role of the Ethereum Virtual Machine (EVM), and their applications across various industries. It effectively covers the operational aspects and significance of smart contracts, making it highly relevant to the question."
RELEVANT,"The generated answer directly addresses the question about the consistency of Ethereum confirmation times by stating that they are not consistent and explaining the factors that contribute to the variance. It also provides a resource for checking median wait times, which is relevant information for the question."
RELEVANT,"The generated answer provides a clear definition of a blockchain company by indicating that it is involved in investing in or developing blockchain technology, which directly addresses the question."
RELEVANT,"The generated answer directly addresses the question by identifying and explaining the two key types of keys contained in a blockchain wallet, which are the public key and the private key. The information provided is accurate and pertinent to the topic."
RELEVANT,"The generated answer directly addresses the question by outlining key factors that determine the daily Ethereum mining reward, such as mining equipment, participation in mining pools, and the blockchain state. It provides clear and pertinent details that contribute to an understanding of how these factors influence mining rewards."
RELEVANT,"The generated answer directly addresses the question by discussing various potential applications of Ethereum-based smart contracts in different industries, including banking, finance, and supply chain management. It provides concrete examples and emphasizes their versatile nature, which aligns well with the inquiry about their applications."
RELEVANT,"The generated answer effectively addresses the question by clearly explaining the differences between cloud mining applications and traditional Ethereum mining. It highlights key aspects such as the operational model, investment nature, and hardware requirements, providing a comprehensive understanding of the distinctions."
RELEVANT,"The generated answer directly addresses the question regarding the time it takes to add a new block on the Ethereum blockchain by stating that it is approximately every 14 seconds, which is accurate information."
PARTLY_RELEVANT,"The generated answer mentions an introduction to zk-SNARKs, which suggests some level of detail but does not explicitly confirm that it is a technical walkthrough. Therefore, while it addresses the topic, it lacks specificity regarding the nature of the content promised, making it only partly relevant."
RELEVANT,"The generated answer directly addresses the question by naming specific companies associated with the development of popular Ethereum clients, such as J.P. Morgan for Quorum and PegaSys for Hyperledger Besu. It provides a clear and accurate response to the inquiry."
RELEVANT,"The generated answer directly addresses the question by providing information about Vlad Zamfir's role as a lead developer of Casper, the original name for Ethereum's PoS system. It also elaborates on his contributions to the understanding of security risks associated with PoS, aligning well with the context of the question."
RELEVANT,"The generated answer effectively addresses the question by describing specific ways in which smart contracts can be utilized in supply chain management on Ethereum, particularly regarding asset tracking, compliance, and reporting. This directly relates to the use of smart contracts in the context of supply chains."
RELEVANT,"The generated answer directly addresses the question by identifying Ethermine as the mining pool that found over 11,000 blocks in a week, and it provides a specific number of blocks (11,235) to support this claim, which is exactly what the question asks."
RELEVANT,"The generated answer effectively addresses the question by outlining essential components of a blockchain system, such as the consensus algorithm, state machine, and cryptographic functions. It also mentions various properties that characterize different blockchains, providing a comprehensive overview that aligns well with what a blockchain system encompasses."
RELEVANT,"The generated answer directly addresses the question by explaining why blockchain is referred to as the Trust Machine. It highlights the key aspects of transparency, security, and the elimination of intermediaries, which are central to the concept of trust in blockchain technology."
RELEVANT,"The generated answer effectively explains what a block is in the context of the Ethereum blockchain and details the process of how blocks are verified through the Proof of Work consensus algorithm, directly addressing both aspects of the question."
PARTLY_RELEVANT,"The generated answer provides the average time to mine a block of Ethereum, which is relevant to the question. However, it mentions a specific source and date (July 2019), which may not reflect the current status of Ethereum mining and could lead to outdated information being presented."
RELEVANT,"The generated answer directly addresses the question by stating that Ethereum's native token is ether (ETH). It provides additional context about its functions within the Ethereum blockchain, which enhances the understanding of its role."
RELEVANT,"The generated answer directly addresses the question by listing common applications of Ethereum. It provides specific examples such as payment settlement, supply chain tracking, digital identity management, smart contracts, and decentralized applications, all of which are relevant to the query. Additionally, the mention of sectors utilizing Ethereum further enhances the relevance of the response."
RELEVANT,"The generated answer provides specific examples of blockchain applications on the Ethereum ecosystem, such as prediction markets and smart legal agreements, while also mentioning additional areas like payment settlement, supply chain tracking, and digital identity management. This directly addresses the question and provides relevant content."
RELEVANT,"The generated answer directly addresses the question regarding the benefits of Ethereum to global enterprises by highlighting specific use cases such as payment settlement, supply chain tracking, and digital identity management. It also discusses the supporting role of the Enterprise Ethereum Alliance, which enhances the relevance of the answer by connecting it to enterprise-level adoption and standards, thus providing a comprehensive response."
RELEVANT,"The generated answer directly addresses the question by stating that not all blockchain software is publicly available, providing examples of both open-source and proprietary efforts. This clearly aligns with the inquiry about the availability of blockchain software."
RELEVANT,"The generated answer directly addresses the question by discussing the GPU's capability in the context of Ethereum mining. It provides relevant information about dedicated mining hardware, the possibility of using powerful personal computers, and the general impracticality of personal mining, which helps the user understand their GPU's potential for mining Ethereum."
RELEVANT,"The generated answer directly addresses the question by providing the correct symbol, ETH, for ether. There is a clear and accurate correlation between the question and the answer."
RELEVANT,"The generated answer appropriately addresses the role of cloud mining applications in Ethereum mining by explaining how they allow individuals to participate in mining without operating hardware. It also highlights the distinction between cloud mining and traditional mining, reinforcing the context of the question."
RELEVANT,"The generated answer addresses the question about whether Bitcoin or Ethereum is a better investment by discussing the advantages of both cryptocurrencies and their respective use cases. It provides insight into their unique characteristics and emphasizes that the choice depends on individual investment goals, which is directly related to the question asked."
RELEVANT,"The generated answer directly addresses the question by specifying a website (ethgasstation.info) where the average wait times for Ethereum transfers can be checked. It also provides additional context about how the website provides median wait times based on market factors and gas prices, which is pertinent to the inquiry."
PARTLY_RELEVANT,"The generated answer does not provide specific products that enhance Ethereum mining efficiency, which is a key aspect of the question. However, it offers relevant information about the importance of dedicated mining hardware and the benefits of mining in a pool, which indirectly relates to enhancing mining efficiency."
RELEVANT,"The generated answer directly addresses the question by stating that the Consensys Academy focuses on Ethereum blockchain development, which is precisely what the question asks."
